folder,file,function,cognitive_complexity
target,bzlib.h.json,,0.0
unknown,main.rs.json,process_link_list,11.0
unknown,main.rs.json,process_cells,13.0
unknown,main.rs.json,main,68.0
unknown,main.rs.json,test_main,0.0
unknown,typedef.h.json,,0.0
unknown,typedef.h.json,stat,0.0
unknown,typedef.h.json,,0.0
unknown,typedef.h.json,,0.0
unknown,typedef.h.json,bz_stream_default,0.0
unknown,typedef.h.json,,0.0
unknown,typedef.h.json,,0.0
unknown,typedef.h.json,EState_default,0.0
unknown,typedef.h.json,stat,0.0
unknown,typedef.h.json,,0.0
bzip2recover,tooManyBlocks.rs.json,too_many_blocks,0.0
bzip2recover,tooManyBlocks.rs.json,mock_exit,0.0
bzip2recover,tooManyBlocks.rs.json,test_too_many_blocks,0.0
bzip2recover,writeError.rs.json,write_error,0.0
bzip2recover,writeError.rs.json,test_write_error,1.0
bzip2recover,readError.rs.json,read_error,0.0
bzip2recover,mallocFail.rs.json,malloc_fail,0.0
bzip2recover,bsClose.rs.json,BitStream,11.0
bzip2recover,bsClose.rs.json,test_get_bit,0.0
bzip2recover,bsClose.rs.json,test_open_read_stream,0.0
bzip2recover,bsClose.rs.json,test_open_write_stream,0.0
bzip2recover,bsPutBit_bsGetBit_bsPutUInt32.rs.json,bs_put_u_char,1.0
bzip2recover,bsPutBit_bsGetBit_bsPutUInt32.rs.json,bs_put_u_int32,1.0
bzip2recover,bsPutBit_bsGetBit_bsPutUInt32.rs.json,bs_put_bit,3.0
bzip2recover,bsPutBit_bsGetBit_bsPutUInt32.rs.json,flush,3.0
bzip2recover,bsPutBit_bsGetBit_bsPutUInt32.rs.json,reset,0.0
bzip2recover,endsInBz2.rs.json,ends_in_bz2,1.0
bzip2recover,endsInBz2.rs.json,test_ends_in_bz2,0.0
bzip2recover,scc_6_root_3_mallocFail.c.json,mallocFail,0.0
bzip2recover,scc_6_root_3_mallocFail.c.json,bsOpenReadStream,1.0
bzip2recover,scc_6_root_3_mallocFail.c.json,bsOpenWriteStream,1.0
bzip2recover,scc_6_root_3_mallocFail.c.json,test_bsOpenReadStream,0.0
bzip2recover,scc_6_root_3_mallocFail.c.json,test_bsOpenWriteStream,0.0
bzip2recover,scc_6_root_3_mallocFail.c.json,main,4.0
bzip2recover,scc_81_root_44_endsInBz2.c.json,endsInBz2,2.0
bzip2recover,scc_81_root_44_endsInBz2.c.json,test_endsInBz2,0.0
bzip2recover,scc_81_root_44_endsInBz2.c.json,main,0.0
bzip2recover,scc_4_bsClose.c.json,bsClose,11.0
bzip2recover,scc_4_bsClose.c.json,bsGetBit,7.0
bzip2recover,scc_4_bsClose.c.json,test_bsClose_bsGetBit,0.0
bzip2recover,scc_85_root_48_tooManyBlocks.c.json,tooManyBlocks,0.0
bzip2recover,scc_85_root_48_tooManyBlocks.c.json,mock_exit,0.0
bzip2recover,scc_85_root_48_tooManyBlocks.c.json,test_tooManyBlocks,0.0
bzip2recover,scc_85_root_48_tooManyBlocks.c.json,main,0.0
bzip2recover,scc_2_bsPutBit.c.json,bsPutBit,4.0
bzip2recover,scc_2_bsPutBit.c.json,bsPutUChar,1.0
bzip2recover,scc_2_bsPutBit.c.json,bsPutUInt32,1.0
bzip2recover,scc_2_bsPutBit.c.json,test_bsPutUChar,0.0
bzip2recover,scc_2_bsPutBit.c.json,test_bsPutBit,0.0
bzip2recover,scc_2_bsPutBit.c.json,resetBitStream,0.0
bzip2recover,scc_2_bsPutBit.c.json,test_bsPutUInt32,0.0
bzip2recover,scc_2_bsPutBit.c.json,main,2.0
bzip2recover,scc_3_root_2_readError.c.json,readError,0.0
bzip2recover,scc_1_root_1_writeError.c.json,writeError,0.0
bzip2recover,scc_1_root_1_writeError.c.json,test_writeError,0.0
compress,scc_69_BZ2_compressBlock.rs.json,bs_w,4.0
compress,scc_69_BZ2_compressBlock.rs.json,bs_put_uint32,0.0
compress,scc_69_BZ2_compressBlock.rs.json,bs_put_uchar,0.0
compress,scc_69_BZ2_compressBlock.rs.json,bs_finish_write,3.0
compress,scc_69_BZ2_compressBlock.rs.json,update_zbits,9.0
compress,scc_69_BZ2_compressBlock.rs.json,update_arr2,9.0
compress,scc_69_BZ2_compressBlock.rs.json,bz2_compress_block,14.0
compress,scc_20_root_25_bsW.rs.json,bs_w,3.0
compress,scc_28_root_21_BZ2_bsInitWrite.rs.json,bz2_bs_init_write,0.0
compress,scc_63_sendMTFValues.rs.json,sendMTFValues,153.0
compress,scc_18_root_15_makeMaps_e_scc_19_generateMTFValues.rs.json,make_maps_e,3.0
compress,scc_18_root_15_makeMaps_e_scc_19_generateMTFValues.rs.json,test_make_maps_e,4.0
compress,scc_18_root_15_makeMaps_e_scc_19_generateMTFValues.rs.json,convert_to_vec,1.0
compress,scc_18_root_15_makeMaps_e_scc_19_generateMTFValues.rs.json,generate_mtf_values,51.0
compress,scc_73_BZ2_compressBlock.c.json,BZ2_compressBlock,10.0
compress,scc_36_root_24_BZ2_bsInitWrite.c.json,BZ2_bsInitWrite,0.0
compress,scc_36_root_24_BZ2_bsInitWrite.c.json,test_BZ2_bsInitWrite,0.0
compress,scc_36_root_24_BZ2_bsInitWrite.c.json,main,2.0
compress,scc_32_root_22_bsFinishWrite.c.json,,0.0
compress,scc_32_root_22_bsFinishWrite.c.json,bsFinishWrite,1.0
compress,scc_32_root_22_bsFinishWrite.c.json,test_bsFinishWrite,0.0
compress,scc_32_root_22_bsFinishWrite.c.json,main,3.0
compress,scc_67_sendMTFValues.c.json,sendMTFValues,162.0
compress,scc_33_root_23_bsW.c.json,void,1.0
compress,scc_33_root_23_bsW.c.json,test_bsW,0.0
compress,scc_33_root_23_bsW.c.json,main,2.0
compress,scc_26_root_18_makeMaps_e_scc_27_generateMTFValues.c.json,makeMaps_e,3.0
compress,scc_26_root_18_makeMaps_e_scc_27_generateMTFValues.c.json,test_makeMaps_e,4.0
compress,scc_26_root_18_makeMaps_e_scc_27_generateMTFValues.c.json,generateMTFValues,39.0
compress,scc_26_root_18_makeMaps_e_scc_27_generateMTFValues.c.json,test_generateMTFValues,3.0
compress,scc_26_root_18_makeMaps_e_scc_27_generateMTFValues.c.json,main,0.0
bin,main.rs.json,process_link_list,11.0
bin,main.rs.json,process_cells,13.0
bin,main.rs.json,main,71.0
bin,main.rs.json,test_main,0.0
bin,main.c.json,main,0.0
global_vars,conversion.rs.json,execute_command,1.0
global_vars,conversion.rs.json,string_to_u8_array_2000,2.0
global_vars,conversion.rs.json,string_to_u8_array_1034,2.0
global_vars,conversion.rs.json,u8_array_to_string,0.0
global_vars,bzip2_c2.rs.json,BitStream,0.0
global_vars,bzip2_c1.rs.json,rebuild_arr2_from_block,0.0
global_vars,bzip2_c1.rs.json,build_block_from_arr2,0.0
global_vars,bzip2_c1.rs.json,build_mtfv_from_arr1,0.0
global_vars,bzip2_c1.rs.json,rebuild_arr1_from_mtfv,0.0
global_vars,bzip2_c1.rs.json,convert_to_vec,1.0
global_vars,bzip2_c1.rs.json,print_estate,3.0
global_vars,bzip2_c1.rs.json,print_ptr_u32,1.0
global_vars,bzip2_c1.rs.json,EState,2.0
global_vars,bzip2_c1.rs.json,EState,0.0
global_vars,bzip2_c1.rs.json,UInt64,1.0
global_vars,bzip2_c1.rs.json,serialize_bzfile,0.0
global_vars,bzip2_c1.rs.json,bzFile,0.0
global_vars,bzip2_c1.rs.json,SerializableBzStream,0.0
global_vars,bzip2_c1.rs.json,serialize_bz_stream,0.0
global_vars,bzip2_c1.rs.json,DState,0.0
global_vars,sleep_lib.rs.json,my_sleep,0.0
global_vars,combined.rs.json,EState,0.0
global_vars,combined.rs.json,UInt64,1.0
global_vars,combined.rs.json,bzFile,0.0
global_vars,combined.rs.json,DState,0.0
global_vars,combined.rs.json,BitStream,0.0
decompress,scc_5_root_4_makeMaps_d.rs.json,make_maps_d,3.0
decompress,scc_5_root_4_makeMaps_d.rs.json,test_make_maps_d,2.0
decompress,scc_63_BZ2_decompress.c.json,BZ2_decompress,1069.0
decompress,scc_13_root_7_makeMaps_d.c.json,,0.0
decompress,scc_13_root_7_makeMaps_d.c.json,,0.0
decompress,scc_13_root_7_makeMaps_d.c.json,makeMaps_d,3.0
decompress,scc_13_root_7_makeMaps_d.c.json,test_makeMaps_d,2.0
decompress,scc_13_root_7_makeMaps_d.c.json,main,3.0
huffman,scc_62_BZ2_hbMakeCodeLengths.rs.json,bz2_hb_make_code_lengths,49.0
huffman,scc_17_root_14_BZ2_hbAssignCodes.rs.json,bz2_hb_assign_codes,15.0
huffman,scc_17_root_14_BZ2_hbAssignCodes.rs.json,test_bz2_hb_assign_codes,0.0
huffman,scc_4_root_3_BZ2_hbCreateDecodeTables.rs.json,bz2_hb_create_decode_tables,11.0
huffman,scc_4_root_3_BZ2_hbCreateDecodeTables.rs.json,test_bz2_hb_create_decode_tables,0.0
huffman,scc_12_root_6_BZ2_hbCreateDecodeTables.c.json,BZ2_hbCreateDecodeTables,12.0
huffman,scc_12_root_6_BZ2_hbCreateDecodeTables.c.json,test_BZ2_hbCreateDecodeTables,1.0
huffman,scc_12_root_6_BZ2_hbCreateDecodeTables.c.json,main,3.0
huffman,scc_66_BZ2_hbMakeCodeLengths.c.json,BZ2_hbMakeCodeLengths,60.0
huffman,scc_66_BZ2_hbMakeCodeLengths.c.json,test_BZ2_hbMakeCodeLengths,0.0
huffman,scc_66_BZ2_hbMakeCodeLengths.c.json,main,3.0
huffman,scc_25_root_17_BZ2_hbAssignCodes.c.json,BZ2_hbAssignCodes,6.0
huffman,scc_25_root_17_BZ2_hbAssignCodes.c.json,test_BZ2_hbAssignCodes,0.0
huffman,scc_25_root_17_BZ2_hbAssignCodes.c.json,main,0.0
bzlib,scc_16_root_13_BZ2_bzCompressEnd.rs.json,BZ2_bzCompressEnd,7.0
bzlib,scc_16_root_13_BZ2_bzCompressEnd.rs.json,test_BZ2_bzCompressEnd_null_stream,0.0
bzlib,scc_42_root_57_BZ2_bzlibVersion.rs.json,bz2_bzlib_version,0.0
bzlib,scc_42_root_57_BZ2_bzlibVersion.rs.json,test_bz2_bzlib_version,0.0
bzlib,scc_42_root_57_BZ2_bzlibVersion.rs.json,main,0.0
bzlib,scc_41_BZ2_bzCompressInit_42_BZ2_bzWriteOpen.rs.json,bz2_bzwrite_open,9.0
bzlib,scc_41_BZ2_bzCompressInit_42_BZ2_bzWriteOpen.rs.json,bz2_bzcompress_init,7.0
bzlib,scc_41_BZ2_bzCompressInit_42_BZ2_bzWriteOpen.rs.json,test_bz2_bzwrite_open,4.0
bzlib,scc_36_root_27_default_bzfree_38_bz_config_ok_37_default_bzalloc.rs.json,bz_config_ok,1.0
bzlib,scc_36_root_27_default_bzfree_38_bz_config_ok_37_default_bzalloc.rs.json,default_bzalloc,0.0
bzlib,scc_36_root_27_default_bzfree_38_bz_config_ok_37_default_bzalloc.rs.json,default_bzfree,1.0
bzlib,scc_36_root_27_default_bzfree_38_bz_config_ok_37_default_bzalloc.rs.json,test_bz_config_ok,0.0
bzlib,scc_36_root_27_default_bzfree_38_bz_config_ok_37_default_bzalloc.rs.json,test_default_bzalloc_and_bzfree,0.0
bzlib,scc_36_root_27_default_bzfree_38_bz_config_ok_37_default_bzalloc.rs.json,main,0.0
bzlib,scc_46_root_33_myfeof.rs.json,myfeof,1.0
bzlib,scc_46_root_33_myfeof.rs.json,test_myfeof,0.0
bzlib,scc_29_root_22_add_pair_to_block.rs.json,add_pair_to_block,14.0
bzlib,scc_29_root_22_add_pair_to_block.rs.json,test_add_pair_to_block,0.0
bzlib,scc_2_root_2_BZ2_bzDecompressEnd.rs.json,setup_mismatched_bz_stream,0.0
bzlib,scc_2_root_2_BZ2_bzDecompressEnd.rs.json,setup_valid_bz_stream,0.0
bzlib,scc_2_root_2_BZ2_bzDecompressEnd.rs.json,bz2_bz_decompress_end,12.0
bzlib,scc_2_root_2_BZ2_bzDecompressEnd.rs.json,test_normal_decompress_end,0.0
bzlib,scc_2_root_2_BZ2_bzDecompressEnd.rs.json,test_null_bz_stream,0.0
bzlib,scc_39_BZ2_bzDecompressInit_40_bzReadOpen.rs.json,bz2_bzread_open,9.0
bzlib,scc_39_BZ2_bzDecompressInit_40_bzReadOpen.rs.json,bz2_bzdecompress_init,8.0
bzlib,scc_39_BZ2_bzDecompressInit_40_bzReadOpen.rs.json,test_bz2_bzread_open,0.0
bzlib,scc_8_root_6_unRLE_obuf_to_output_FAST.rs.json,unRLE_obuf_to_output_FAST,35.0
bzlib,scc_3_BZ2_bzReadClose.rs.json,BZ2_bzReadClose,13.0
bzlib,scc_3_BZ2_bzReadClose.rs.json,test_bz2_bz_read_close,0.0
bzlib,scc_9_root_7_BZ2_bzReadGetUnused.rs.json,bz2_bz_read_get_unused,5.0
bzlib,scc_9_root_7_BZ2_bzReadGetUnused.rs.json,set_error,2.0
bzlib,scc_75_BZ2_bzCompress_76_BZ2_bzWriteClose64.rs.json,bz2_compress,19.0
bzlib,scc_75_BZ2_bzCompress_76_BZ2_bzWriteClose64.rs.json,bz2_bz_write_close64,25.0
bzlib,scc_75_BZ2_bzCompress_76_BZ2_bzWriteClose64.rs.json,set_error,2.0
bzlib,scc_62_BZ2_bz__AssertH__fail.rs.json,bz2_bz_assert_h_fail,1.0
bzlib,scc_62_BZ2_bz__AssertH__fail.rs.json,test_bz2_bz_assert_h_fail,3.0
bzlib,scc_64_BZ2_bzDecompress_65_BZ2_bzRead.rs.json,BZ2_bzDecompress,0.0
bzlib,scc_64_BZ2_bzDecompress_65_BZ2_bzRead.rs.json,BZ2_bzRead,0.0
bzlib,scc_70_handle_compress.rs.json,handle_compress,15.0
bzlib,scc_25_root_33_prepare_new_block_init_RL_isempty_RL_flush_RL_bzlib_static.rs.json,prepare_new_block,1.0
bzlib,scc_25_root_33_prepare_new_block_init_RL_isempty_RL_flush_RL_bzlib_static.rs.json,init_rl,0.0
bzlib,scc_25_root_33_prepare_new_block_init_RL_isempty_RL_flush_RL_bzlib_static.rs.json,is_empty_rl,1.0
bzlib,scc_25_root_33_prepare_new_block_init_RL_isempty_RL_flush_RL_bzlib_static.rs.json,flush_rl,1.0
bzlib,scc_25_root_33_prepare_new_block_init_RL_isempty_RL_flush_RL_bzlib_static.rs.json,test_prepare_new_block,1.0
bzlib,scc_25_root_33_prepare_new_block_init_RL_isempty_RL_flush_RL_bzlib_static.rs.json,test_init_rl,0.0
bzlib,scc_25_root_33_prepare_new_block_init_RL_isempty_RL_flush_RL_bzlib_static.rs.json,test_is_empty_rl,0.0
bzlib,scc_30_copy_input_until_stop_31_copy_output_until_stop.rs.json,copy_input_until_stop,68.0
bzlib,scc_30_copy_input_until_stop_31_copy_output_until_stop.rs.json,copy_output_until_stop,11.0
bzlib,scc_30_copy_input_until_stop_31_copy_output_until_stop.rs.json,test_copy_input_until_stop,0.0
bzlib,scc_30_copy_input_until_stop_31_copy_output_until_stop.rs.json,test_copy_output_until_stop,0.0
bzlib,scc_7_unRLE_obuf_to_output_SMALL.rs.json,un_rle_obuf_to_output_small,32.0
bzlib,scc_7_unRLE_obuf_to_output_SMALL.rs.json,free_dstate,0.0
bzlib,scc_7_unRLE_obuf_to_output_SMALL.rs.json,test_un_rle_obuf_to_output_small,0.0
bzlib,scc_73_BZ2_bzWrite.rs.json,bz2_bz_write,29.0
bzlib,scc_73_BZ2_bzWrite.rs.json,set_error,1.0
bzlib,scc_6_root_5_BZ2_indexIntoF.rs.json,bz2_index_into_f,4.0
bzlib,scc_6_root_5_BZ2_indexIntoF.rs.json,test_bz2_index_into_f,1.0
bzlib,scc_75_BZ2_bzCompress_76_BZ2_bzWriteClose64.c.json,BZ2_bzCompress,25.0
bzlib,scc_75_BZ2_bzCompress_76_BZ2_bzWriteClose64.c.json,BZ2_bzWriteClose,0.0
bzlib,scc_75_BZ2_bzCompress_76_BZ2_bzWriteClose64.c.json,BZ2_bzWriteClose64,53.0
bzlib,scc_10_root_5_BZ2_bzDecompressEnd.c.json,BZ2_bzDecompressEnd,6.0
bzlib,scc_64_BZ2_bzDecompress.c.json,,0.0
bzlib,scc_64_BZ2_bzDecompress.c.json,BZ2_bzDecompress,48.0
bzlib,scc_64_BZ2_bzDecompress.c.json,BZ2_bzRead,75.0
bzlib,scc_64_BZ2_bzDecompress.c.json,test_BZ2_bzDecompress,0.0
bzlib,scc_64_BZ2_bzDecompress.c.json,main,0.0
bzlib,scc_11_BZ2_bzReadClose.c.json,BZ2_bzReadClose,13.0
bzlib,scc_11_BZ2_bzReadClose.c.json,test_BZ2_bzReadClose,0.0
bzlib,scc_11_BZ2_bzReadClose.c.json,main,0.0
bzlib,scc_16_root_9_unRLE_obuf_to_output_FAST.c.json,,0.0
bzlib,scc_16_root_9_unRLE_obuf_to_output_FAST.c.json,,0.0
bzlib,scc_16_root_9_unRLE_obuf_to_output_FAST.c.json,BZ2_indexIntoF,4.0
bzlib,scc_16_root_9_unRLE_obuf_to_output_FAST.c.json,initializeDState,2.0
bzlib,scc_16_root_9_unRLE_obuf_to_output_FAST.c.json,freeDState,3.0
bzlib,scc_16_root_9_unRLE_obuf_to_output_FAST.c.json,unRLE_obuf_to_output_FAST,162.0
bzlib,scc_16_root_9_unRLE_obuf_to_output_FAST.c.json,test_unRLE_obuf_to_output_FAST,0.0
bzlib,scc_16_root_9_unRLE_obuf_to_output_FAST.c.json,main,0.0
bzlib,scc_24_root_16_BZ2_bzCompressEnd.c.json,BZ2_bzCompressEnd,6.0
bzlib,scc_24_root_16_BZ2_bzCompressEnd.c.json,init_suite1,0.0
bzlib,scc_24_root_16_BZ2_bzCompressEnd.c.json,clean_suite1,0.0
bzlib,scc_24_root_16_BZ2_bzCompressEnd.c.json,testBZ2_bzCompressEnd_null_stream,0.0
bzlib,scc_77_BZ2_bzWrite.c.json,BZ2_bzWrite,54.0
bzlib,scc_77_BZ2_bzWrite.c.json,test_invalid_params,0.0
bzlib,scc_77_BZ2_bzWrite.c.json,test_non_write_mode,0.0
bzlib,scc_77_BZ2_bzWrite.c.json,test_file_error,0.0
bzlib,scc_77_BZ2_bzWrite.c.json,test_zero_length,0.0
bzlib,scc_77_BZ2_bzWrite.c.json,test_compress_error,0.0
bzlib,scc_77_BZ2_bzWrite.c.json,test_write_error,0.0
bzlib,scc_77_BZ2_bzWrite.c.json,main,0.0
bzlib,scc_38_copy_input_until_stop.c.json,copy_input_until_stop,49.0
bzlib,scc_38_copy_input_until_stop.c.json,copy_output_until_stop,7.0
bzlib,scc_38_copy_input_until_stop.c.json,test_copy_input_until_stop,0.0
bzlib,scc_38_copy_input_until_stop.c.json,test_copy_output_until_stop,0.0
bzlib,scc_15_unRLE_obuf_to_output_SMALL.c.json,,0.0
bzlib,scc_15_unRLE_obuf_to_output_SMALL.c.json,,0.0
bzlib,scc_15_unRLE_obuf_to_output_SMALL.c.json,BZ2_indexIntoF,4.0
bzlib,scc_15_unRLE_obuf_to_output_SMALL.c.json,initializeDState,2.0
bzlib,scc_15_unRLE_obuf_to_output_SMALL.c.json,freeDState,3.0
bzlib,scc_15_unRLE_obuf_to_output_SMALL.c.json,unRLE_obuf_to_output_SMALL,149.0
bzlib,scc_15_unRLE_obuf_to_output_SMALL.c.json,test_unRLE_obuf_to_output_SMALL,1.0
bzlib,scc_15_unRLE_obuf_to_output_SMALL.c.json,main,3.0
bzlib,scc_74_handle_compress.c.json,handle_compress,23.0
bzlib,scc_74_handle_compress.c.json,init_suite,0.0
bzlib,scc_74_handle_compress.c.json,clean_suite,0.0
bzlib,scc_74_handle_compress.c.json,test_handle_compress,0.0
bzlib,scc_62_BZ2_bz__AssertH__fail.c.json,BZ2_bz__AssertH__fail,1.0
bzlib,scc_62_BZ2_bz__AssertH__fail.c.json,test_BZ2_bz__AssertH__fail,2.0
bzlib,scc_61_root_42_BZ2_bzlibVersion.c.json,BZ2_bzlibVersion,0.0
bzlib,scc_61_root_42_BZ2_bzlibVersion.c.json,test_BZ2_bzlibVersion,0.0
bzlib,scc_44_root_30_default_bzfree.c.json,bz_config_ok,3.0
bzlib,scc_44_root_30_default_bzfree.c.json,default_bzalloc,0.0
bzlib,scc_44_root_30_default_bzfree.c.json,default_bzfree,1.0
bzlib,scc_44_root_30_default_bzfree.c.json,test_bz_config_ok,0.0
bzlib,scc_44_root_30_default_bzfree.c.json,test_default_bzalloc_and_bzfree,0.0
bzlib,scc_37_root_25_add_pair_to_block.c.json,add_pair_to_block,2.0
bzlib,scc_37_root_25_add_pair_to_block.c.json,test_add_pair_to_block,0.0
bzlib,scc_17_root_10_BZ2_bzReadGetUnused.c.json,_IO_FILE,0.0
bzlib,scc_17_root_10_BZ2_bzReadGetUnused.c.json,BZ2_bzReadGetUnused,18.0
bzlib,scc_17_root_10_BZ2_bzReadGetUnused.c.json,test_BZ2_bzReadGetUnused_null_bzFile,0.0
bzlib,scc_47_BZ2_bzDecompressInit_48_bzReadOpen.c.json,BZ2_bzDecompressInit,9.0
bzlib,scc_47_BZ2_bzDecompressInit_48_bzReadOpen.c.json,BZ2_bzReadOpen,27.0
bzlib,scc_40_root_27_isempty_RL.c.json,prepare_new_block,1.0
bzlib,scc_40_root_27_isempty_RL.c.json,init_RL,0.0
bzlib,scc_40_root_27_isempty_RL.c.json,isempty_RL,3.0
bzlib,scc_40_root_27_isempty_RL.c.json,flush_RL,1.0
bzlib,scc_40_root_27_isempty_RL.c.json,test_prepare_new_block,1.0
bzlib,scc_40_root_27_isempty_RL.c.json,test_init_RL,0.0
bzlib,scc_40_root_27_isempty_RL.c.json,test_isempty_RL,0.0
bzlib,scc_14_root_8_BZ2_indexIntoF.c.json,test_BZ2_indexIntoF,1.0
bzlib,scc_14_root_8_BZ2_indexIntoF.c.json,main,3.0
bzlib,scc_14_root_8_BZ2_indexIntoF.c.json,BZ2_indexIntoF,4.0
bzlib,scc_53_root_35_myfeof.c.json,myfeof,1.0
bzlib,scc_53_root_35_myfeof.c.json,test_myfeof,1.0
bzlib,scc_49_BZ2_bzCompressInit_50_BZ2_bzWriteOpen.c.json,BZ2_bzWriteOpen,26.0
bzlib,scc_49_BZ2_bzCompressInit_50_BZ2_bzWriteOpen.c.json,BZ2_bzCompressInit,17.0
bzlib,scc_49_BZ2_bzCompressInit_50_BZ2_bzWriteOpen.c.json,test_BZ2_bzWriteOpen,2.0
bzlib,scc_49_BZ2_bzCompressInit_50_BZ2_bzWriteOpen.c.json,test_BZ2_bzCompressInit,1.0
blocksort,scc_72_BZ2_blockSort.rs.json,fill_2d_array,3.0
blocksort,scc_72_BZ2_blockSort.rs.json,fill_2d_array_len_pack,3.0
blocksort,scc_72_BZ2_blockSort.rs.json,read_lines,0.0
blocksort,scc_72_BZ2_blockSort.rs.json,block_sort,17.0
blocksort,scc_72_BZ2_blockSort.rs.json,read_dat_file,6.0
blocksort,scc_72_BZ2_blockSort.rs.json,test_read_dat_file,0.0
blocksort,scc_28_root_19_mainGtU.rs.json,main_gt_u,18.0
blocksort,scc_28_root_19_mainGtU.rs.json,read_dat_file,6.0
blocksort,scc_28_root_19_mainGtU.rs.json,test_read_dat_file,0.0
blocksort,scc_71_fallbackSort.rs.json,saveBlockArrayToFile,4.0
blocksort,scc_71_fallbackSort.rs.json,print_int_and_byte_view_of_array,1.0
blocksort,scc_71_fallbackSort.rs.json,read_dat_file,6.0
blocksort,scc_71_fallbackSort.rs.json,save_to_file,3.0
blocksort,scc_71_fallbackSort.rs.json,fallback_sort,43.0
blocksort,scc_71_fallbackSort.rs.json,test_read_dat_file,2.0
blocksort,scc_70_fallbackQSort3.rs.json,read_dat_file,6.0
blocksort,scc_70_fallbackQSort3.rs.json,fallback_qsort_3,30.0
blocksort,scc_70_fallbackQSort3.rs.json,test_read_dat_file,1.0
blocksort,scc_30_root_20_mmed3.rs.json,mmed3,4.0
blocksort,scc_30_root_20_mmed3.rs.json,test_mmed3,0.0
blocksort,scc_30_root_20_mmed3.rs.json,main,0.0
blocksort,scc_28_root_19_mainGtU -copy.rs.json,main_gt_u,18.0
blocksort,scc_28_root_19_mainGtU -copy.rs.json,test_main_gt_u,0.0
blocksort,scc_31_root_21_fallbackSimpleSort.rs.json,fallback_simple_sort,12.0
blocksort,scc_31_root_21_fallbackSimpleSort.rs.json,test_fallback_simple_sort,2.0
blocksort,scc_29_mainSimpleSort.rs.json,main_simple_sort,26.0
blocksort,scc_29_mainSimpleSort.rs.json,read_dat_file,6.0
blocksort,scc_29_mainSimpleSort.rs.json,test_read_dat_file,0.0
blocksort,scc_69_mainSortbk.rs.json,saveBlockArrayToFile,4.0
blocksort,scc_69_mainSortbk.rs.json,save_array_to_file,1.0
blocksort,scc_69_mainSortbk.rs.json,print_255,3.0
blocksort,scc_69_mainSortbk.rs.json,print_65537,3.0
blocksort,scc_69_mainSortbk.rs.json,print_255_copy_i32,3.0
blocksort,scc_69_mainSortbk.rs.json,main_sort,131.0
blocksort,scc_69_mainSortbk.rs.json,read_dat_file,6.0
blocksort,scc_69_mainSortbk.rs.json,test_read_dat_file,0.0
blocksort,scc_68_mainQSort3.rs.json,read_dat_file,6.0
blocksort,scc_68_mainQSort3.rs.json,main_q_sort3,44.0
blocksort,scc_68_mainQSort3.rs.json,test_read_dat_file,1.0
blocksort,scc_69_mainSort.rs.json,read_dat_file,6.0
blocksort,scc_69_mainSort.rs.json,saveArrayToFile,4.0
blocksort,scc_69_mainSort.rs.json,main_sort,146.0
blocksort,scc_69_mainSort.rs.json,test_read_dat_file,0.0
blocksort,scc_28_root_19_mainGtUâœ….c.json,mainGtU,18.0
blocksort,scc_28_root_19_mainGtUâœ….c.json,test_mainGtU_from_file,17.0
blocksort,scc_71_fallbackSort.c.json,fallbackSort,80.0
blocksort,scc_68_mainQSort3.c.json,mainQSort3,56.0
blocksort,scc_68_mainQSort3.c.json,test_mainQSort3_fromFile,4.0
blocksort,scc_31_root_21_fallbackSimpleSortðŸŒŸ.c.json,fallbackSimpleSort,12.0
blocksort,scc_31_root_21_fallbackSimpleSortðŸŒŸ.c.json,test_fallbackSimpleSort,2.0
blocksort,scc_31_root_21_fallbackSimpleSortðŸŒŸ.c.json,main,3.0
blocksort,scc_72_BZ2_blockSort.c.json,BZ2_blockSort,19.0
blocksort,scc_72_BZ2_blockSort.c.json,test_BZ2_blockSort,0.0
blocksort,scc_72_BZ2_blockSort.c.json,main,3.0
blocksort,scc_70_fallbackQSort3.c.json,fallbackQSort3,51.0
blocksort,scc_70_fallbackQSort3.c.json,test_fallbackQSort3,1.0
blocksort,scc_70_fallbackQSort3.c.json,main,3.0
blocksort,scc_29_mainSimpleSortâœ….c.json,mainSimpleSort,38.0
blocksort,scc_29_mainSimpleSortâœ….c.json,count_items,3.0
blocksort,scc_29_mainSimpleSortâœ….c.json,read_array_values,6.0
blocksort,scc_29_mainSimpleSortâœ….c.json,read_array_hex_values,6.0
blocksort,scc_29_mainSimpleSortâœ….c.json,test_mainSimpleSort,1.0
blocksort,scc_69_mainSort.c.json,mainSort,91.0
blocksort,scc_69_mainSort.c.json,testMainSort,1.0
blocksort,scc_30_root_20_mmed3.c.json,mmed3,4.0
blocksort,scc_30_root_20_mmed3.c.json,test_mmed3,0.0
bzip2,scc_100_testf.rs.json,testf,12.0
bzip2,scc_84_applySavedTimeInfoToOutputFile_85_applySavedFileAttrToOutputFile_86_saveInputFileMetaInfo.rs.json,save_input_file_meta_info,0.0
bzip2,scc_84_applySavedTimeInfoToOutputFile_85_applySavedFileAttrToOutputFile_86_saveInputFileMetaInfo.rs.json,apply_saved_time_info_to_output_file,3.0
bzip2,scc_84_applySavedTimeInfoToOutputFile_85_applySavedFileAttrToOutputFile_86_saveInputFileMetaInfo.rs.json,apply_saved_file_attr_to_output_file,3.0
bzip2,scc_1_root_1_cadvise.rs.json,cadvise,1.0
bzip2,scc_1_root_1_cadvise.rs.json,show_file_names,1.0
bzip2,scc_1_root_1_cadvise.rs.json,u8_array_to_string,0.0
bzip2,scc_1_root_1_cadvise.rs.json,char_array_to_string,3.0
bzip2,scc_105_hasSuffix_106_mapSuffix.rs.json,has_suffix,1.0
bzip2,scc_105_hasSuffix_106_mapSuffix.rs.json,map_suffix,1.0
bzip2,scc_105_hasSuffix_106_mapSuffix.rs.json,test_has_suffix,0.0
bzip2,scc_105_hasSuffix_106_mapSuffix.rs.json,test_map_suffix,0.0
bzip2,scc_13_uInt64_toAscii.rs.json,uInt64_isZero,3.0
bzip2,scc_13_uInt64_toAscii.rs.json,uInt64_toAscii,2.0
bzip2,scc_13_uInt64_toAscii.rs.json,test_uInt64_toAscii,0.0
bzip2,scc_79_root_46_setExit.rs.json,set_exit,1.0
bzip2,scc_79_root_46_setExit.rs.json,test_set_exit_no_update,0.0
bzip2,scc_102_root_48_redundant.rs.json,mock_fprintf,0.0
bzip2,scc_102_root_48_redundant.rs.json,redundant,0.0
bzip2,scc_102_root_48_redundant.rs.json,test_redundant,0.0
bzip2,scc_10_root_12_uInt64_qrm10.rs.json,uInt64_qrm10,1.0
bzip2,scc_10_root_12_uInt64_qrm10.rs.json,test_uInt64_qrm10_zero_remainder,0.0
bzip2,scc_10_root_12_uInt64_qrm10.rs.json,test_uInt64_qrm10_non_zero_remainder,0.0
bzip2,scc_87_fileExists.rs.json,file_exists,1.0
bzip2,scc_87_fileExists.rs.json,test_file_exists,0.0
bzip2,scc_87_fileExists.rs.json,main,0.0
bzip2,scc_94_copyFileName.rs.json,copy_file_name,1.0
bzip2,scc_94_copyFileName.rs.json,test_copy_file_name_valid,0.0
bzip2,scc_94_copyFileName.rs.json,test_copy_file_name_too_long,0.0
bzip2,scc_9_root_11_uInt64_isZero.rs.json,u_int64_is_zero,3.0
bzip2,scc_9_root_11_uInt64_isZero.rs.json,test_u_int64_is_zero_true,0.0
bzip2,scc_9_root_11_uInt64_isZero.rs.json,test_u_int64_is_zero_false,0.0
bzip2,scc_80_cleanUpAndFail.rs.json,clean_up_and_fail,0.0
bzip2,scc_80_cleanUpAndFail.rs.json,test_delete_output_on_interrupt,0.0
bzip2,scc_80_cleanUpAndFail.rs.json,test_missing_input_file_warning,0.0
bzip2,scc_108_compress.rs.json,compress,16.0
bzip2,scc_108_compress.rs.json,test_compress_valid_input,0.0
bzip2,scc_108_compress.rs.json,test_compress_invalid_input,0.0
bzip2,scc_52_fileExists.rs.json,file_exists,1.0
bzip2,scc_75_license.rs.json,license,0.0
bzip2,scc_75_license.rs.json,test_license_output,0.0
bzip2,scc_82_crcError_83_ioError.rs.json,crc_error,0.0
bzip2,scc_82_crcError_83_ioError.rs.json,io_error,0.0
bzip2,scc_55_root_40_containsDubiousChars.rs.json,contains_dubious_chars,0.0
bzip2,scc_55_root_40_containsDubiousChars.rs.json,contains_dubious_chars,1.0
bzip2,scc_55_root_40_containsDubiousChars.rs.json,test_contains_dubious_chars,0.0
bzip2,scc_88_outOfMemory_scc_89_myMalloc.rs.json,out_of_memory,0.0
bzip2,scc_88_outOfMemory_scc_89_myMalloc.rs.json,my_malloc,1.0
bzip2,scc_88_outOfMemory_scc_89_myMalloc.rs.json,test_out_of_memory,0.0
bzip2,scc_88_outOfMemory_scc_89_myMalloc.rs.json,test_my_malloc,0.0
bzip2,scc_93_mySignalCatcher.rs.json,clean_up_and_fail,0.0
bzip2,scc_93_mySignalCatcher.rs.json,my_signal_catcher,0.0
bzip2,scc_93_mySignalCatcher.rs.json,test_my_signal_catcher,0.0
bzip2,scc_74_usage.rs.json,usage,0.0
bzip2,scc_74_usage.rs.json,test_usage_output,0.0
bzip2,scc_95_mySIGSEGVorSIGBUScatcher.rs.json,my_sigsegv_or_sigbus_catcher,4.0
bzip2,scc_53_root_38_countHardLinks.rs.json,count_hard_links,1.0
bzip2,scc_53_root_38_countHardLinks.rs.json,test_count_hard_links,0.0
bzip2,scc_99_compressStream.rs.json,compress_stream,8.0
bzip2,scc_99_compressStream.rs.json,handle_err,1.0
bzip2,scc_76_root_43_showFileNames.rs.json,show_file_names,1.0
bzip2,scc_76_root_43_showFileNames.rs.json,test_show_file_names_noisy_true,0.0
bzip2,scc_76_root_43_showFileNames.rs.json,test_show_file_names_noisy_false,0.0
bzip2,scc_52_mySIGSEGVorSIGBUScatcher.rs.json,my_sigsegv_or_sigbus_catcher,4.0
bzip2,scc_54_root_39_notAStandardFile.rs.json,not_a_standard_file,4.0
bzip2,scc_54_root_39_notAStandardFile.rs.json,setup,0.0
bzip2,scc_54_root_39_notAStandardFile.rs.json,teardown,0.0
bzip2,scc_54_root_39_notAStandardFile.rs.json,test_not_a_standard_file,0.0
bzip2,scc_43_root_30_uInt64_to_double_scc_44_root_31_uInt64_from_UInt32s.rs.json,test_uInt64_to_double,0.0
bzip2,scc_43_root_30_uInt64_to_double_scc_44_root_31_uInt64_from_UInt32s.rs.json,test_uInt64_from_UInt32s,0.0
bzip2,scc_90_mkCell_91_snoc_string_93_add_flags_from_env_var.rs.json,Cell,35.0
bzip2,scc_90_mkCell_91_snoc_string_93_add_flags_from_env_var.rs.json,getenv,2.0
bzip2,scc_97_testStream.rs.json,test_stream,0.0
bzip2,scc_50_mySignalCatcher.rs.json,my_signal_catcher,0.0
bzip2,scc_49_fopen_output_safely.rs.json,fopen_output_safely,2.0
bzip2,scc_49_fopen_output_safely.rs.json,test_fopen_output_safely,0.0
bzip2,scc_96_configError.rs.json,config_error,0.0
bzip2,scc_96_configError.rs.json,test_config_error_behavior,0.0
bzip2,scc_50_root_36_pad.rs.json,pad,1.0
bzip2,scc_50_root_36_pad.rs.json,test_pad,0.0
bzip2,scc_107_uncompress.rs.json,uncompress,0.0
bzip2,scc_110_main.rs.json,process_link_list,11.0
bzip2,scc_110_main.rs.json,process_cells,13.0
bzip2,scc_110_main.rs.json,main,68.0
bzip2,scc_110_main.rs.json,test_main,0.0
bzip2,scc_80_root_43_showFileNames.c.json,showFileNames,1.0
bzip2,scc_80_root_43_showFileNames.c.json,test_showFileNames_noisyTrue,0.0
bzip2,scc_80_root_43_showFileNames.c.json,test_showFileNames_noisyFalse,0.0
bzip2,scc_119_compress.c.json,compress,58.0
bzip2,scc_119_compress.c.json,test_basic_compression,2.0
bzip2,scc_119_compress.c.json,main,3.0
bzip2,scc_113_root_54_redundant.c.json,mock_fprintf,0.0
bzip2,scc_113_root_54_redundant.c.json,redundant,0.0
bzip2,scc_113_root_54_redundant.c.json,test_redundant,0.0
bzip2,scc_113_root_54_redundant.c.json,main,0.0
bzip2,scc_95_applySavedTimeInfoToOutputFile_96_applySavedFileAttrToOutputFile_97_saveInputFileMetaInfo.c.json,utimbuf,0.0
bzip2,scc_95_applySavedTimeInfoToOutputFile_96_applySavedFileAttrToOutputFile_97_saveInputFileMetaInfo.c.json,saveInputFileMetaInfo,1.0
bzip2,scc_95_applySavedTimeInfoToOutputFile_96_applySavedFileAttrToOutputFile_97_saveInputFileMetaInfo.c.json,applySavedTimeInfoToOutputFile,1.0
bzip2,scc_95_applySavedTimeInfoToOutputFile_96_applySavedFileAttrToOutputFile_97_saveInputFileMetaInfo.c.json,applySavedFileAttrToOutputFile,1.0
bzip2,scc_98_panic.c.json,panic,0.0
bzip2,scc_98_panic.c.json,test_panic,0.0
bzip2,scc_57_root_38_pad.c.json,pad,2.0
bzip2,scc_57_root_38_pad.c.json,test_pad,2.0
bzip2,scc_78_usage.c.json,usage,0.0
bzip2,scc_78_usage.c.json,test_usage_output,0.0
bzip2,scc_78_usage.c.json,main,0.0
bzip2,scc_91_cleanUpAndFail.c.json,cleanUpAndFail,16.0
bzip2,scc_93_crcError_ioError.c.json,crcError,0.0
bzip2,scc_93_crcError_ioError.c.json,ioError,0.0
bzip2,scc_93_crcError_ioError.c.json,test_crcError,0.0
bzip2,scc_93_crcError_ioError.c.json,test_ioError,0.0
bzip2,scc_56_fopen_output_safely.c.json,fopen_output_safely,2.0
bzip2,scc_56_fopen_output_safely.c.json,test_fopen_output_safely,2.0
bzip2,scc_99_outOfMemory_scc_100_myMalloc.c.json,outOfMemory,0.0
bzip2,scc_99_outOfMemory_scc_100_myMalloc.c.json,myMalloc,1.0
bzip2,scc_99_outOfMemory_scc_100_myMalloc.c.json,test_outOfMemory,0.0
bzip2,scc_99_outOfMemory_scc_100_myMalloc.c.json,test_myMalloc,0.0
bzip2,scc_116_hasSuffix_107_mapSuffix.c.json,hasSuffix,2.0
bzip2,scc_116_hasSuffix_107_mapSuffix.c.json,mapSuffix,1.0
bzip2,scc_116_hasSuffix_107_mapSuffix.c.json,test_hasSuffix,0.0
bzip2,scc_116_hasSuffix_107_mapSuffix.c.json,test_mapSuffix,0.0
bzip2,scc_121_main.c.json,main,80.0
bzip2,scc_101_mkCell_102_snoc_string_103_add_flags_from_env_var.c.json,zzzz,0.0
bzip2,scc_101_mkCell_102_snoc_string_103_add_flags_from_env_var.c.json,mkCell,0.0
bzip2,scc_101_mkCell_102_snoc_string_103_add_flags_from_env_var.c.json,snocString,4.0
bzip2,scc_101_mkCell_102_snoc_string_103_add_flags_from_env_var.c.json,test_snocString,0.0
bzip2,scc_101_mkCell_102_snoc_string_103_add_flags_from_env_var.c.json,addFlagsFromEnvVar,24.0
bzip2,scc_101_mkCell_102_snoc_string_103_add_flags_from_env_var.c.json,getenv,1.0
bzip2,scc_101_mkCell_102_snoc_string_103_add_flags_from_env_var.c.json,test_addFlagsFromEnvVar,0.0
bzip2,scc_111_testf.c.json,testf,21.0
bzip2,scc_87_fileExists.c.json,fileExists,1.0
bzip2,scc_87_fileExists.c.json,test_fileExists,0.0
bzip2,scc_107_configError.c.json,configError,0.0
bzip2,scc_107_configError.c.json,test_configError_behavior,0.0
bzip2,scc_9_root_4_cadvise.c.json,cadvise,1.0
bzip2,scc_9_root_4_cadvise.c.json,showFileNames,1.0
bzip2,scc_92_compressedStreamEOF.c.json,compressedStreamEOF,1.0
bzip2,scc_92_compressedStreamEOF.c.json,mock_cleanUpAndFail,0.0
bzip2,scc_92_compressedStreamEOF.c.json,test_compressedStreamEOF,2.0
bzip2,scc_59_root_40_notAStandardFile.c.json,notAStandardFile,2.0
bzip2,scc_106_mySIGSEGVorSIGBUScatcher.c.json,mySIGSEGVorSIGBUScatcher,4.0
bzip2,scc_106_mySIGSEGVorSIGBUScatcher.c.json,test_mySIGSEGVorSIGBUScatcher,0.0
bzip2,scc_106_mySIGSEGVorSIGBUScatcher.c.json,main,0.0
bzip2,scc_51_root_33_uInt64_to_double_scc_52.c.json,uInt64_to_double,1.0
bzip2,scc_51_root_33_uInt64_to_double_scc_52.c.json,uInt64_from_UInt32s,0.0
bzip2,scc_51_root_33_uInt64_to_double_scc_52.c.json,test_uInt64_to_double,2.0
bzip2,scc_51_root_33_uInt64_to_double_scc_52.c.json,test_uInt64_from_UInt32s,0.0
bzip2,scc_51_root_33_uInt64_to_double_scc_52.c.json,main,5.0
bzip2,scc_60_root_41_containsDubiousChars.c.json,containsDubiousChars,0.0
bzip2,scc_60_root_41_containsDubiousChars.c.json,test_containsDubiousChars,0.0
bzip2,scc_108_testStream.c.json,testStream,40.0
bzip2,scc_108_testStream.c.json,test_testStream,0.0
bzip2,scc_108_testStream.c.json,main,3.0
bzip2,scc_118_uncompress.c.json,uncompress,76.0
bzip2,scc_118_uncompress.c.json,test_uncompress_valid_file,0.0
bzip2,scc_118_uncompress.c.json,main,3.0
bzip2,scc_104_mySignalCatcher.c.json,mySignalCatcher,0.0
bzip2,scc_104_mySignalCatcher.c.json,cleanUpAndFail,0.0
bzip2,scc_104_mySignalCatcher.c.json,test_mySignalCatcher,0.0
bzip2,scc_104_mySignalCatcher.c.json,main,3.0
bzip2,scc_19_root_12_uInt64_isZero.c.json,uInt64_isZero,3.0
bzip2,scc_19_root_12_uInt64_isZero.c.json,test_uInt64_isZero_True,0.0
bzip2,scc_19_root_12_uInt64_isZero.c.json,test_uInt64_isZero_False,0.0
bzip2,scc_105_copyFileName.c.json,copyFileName,1.0
bzip2,scc_105_copyFileName.c.json,test_copyFileName_valid,0.0
bzip2,scc_105_copyFileName.c.json,test_copyFileName_tooLong,0.0
bzip2,scc_58_root_39_countHardLinks.c.json,countHardLinks,1.0
bzip2,scc_58_root_39_countHardLinks.c.json,test_countHardLinks,0.0
bzip2,scc_58_root_39_countHardLinks.c.json,main,3.0
bzip2,scc_21_uInt64_toAscii.c.json,uInt64_isZero,3.0
bzip2,scc_21_uInt64_toAscii.c.json,uInt64_toAscii,2.0
bzip2,scc_21_uInt64_toAscii.c.json,test_uInt64_toAscii,0.0
bzip2,scc_21_uInt64_toAscii.c.json,main,3.0
bzip2,scc_20_root_13_uInt64_qrm10.c.json,uInt64_qrm10,1.0
bzip2,scc_20_root_13_uInt64_qrm10.c.json,test_uInt64_qrm10_zero_remainder,1.0
bzip2,scc_20_root_13_uInt64_qrm10.c.json,test_uInt64_qrm10_non_zero_remainder,1.0
bzip2,scc_109_uncompressStream.c.json,uncompressStream,82.0
bzip2,scc_110_compressStream.c.json,compressStream,41.0
bzip2,scc_79_license.c.json,license,0.0
bzip2,scc_79_license.c.json,test_license_output,0.0
bzip2,scc_79_license.c.json,main,0.0
